Name,WHO Region,Cases - cumulative total,Cases - cumulative total per 100000 population,Cases - newly reported in last 7 days,Cases - newly reported in last 7 days per 100000 population,Cases - newly reported in last 24 hours,Deaths - cumulative total,Deaths - cumulative total per 100000 population,Deaths - newly reported in last 7 days,Deaths - newly reported in last 7 days per 100000 population,Deaths - newly reported in last 24 hours
Malawi,Africa,89162,466,0,0,0,2686,14,0,0,0
Senegal,Africa,89033,532,0,0,0,1971,12,0,0,0
Iran (Islamic Republic of),Eastern Mediterranean,7625160,9078,178,0,178,146741,175,6,0,6
Uganda,Africa,171888,376,0,0,0,3632,8,0,0,0
Ghana,Africa,171834,553,0,0,0,1462,5,0,0,0
Bolivia (Plurinational State of),Americas,1210433,10369,280,2,280,22385,192,0,0,0
Netherlands (Kingdom of the),Europe,8623210,49537,3159,18,3159,22986,132,0,0,0
Lao People's Democratic Republic,Western Pacific,218903,3009,2,0,2,671,9,0,0,0
Venezuela (Bolivarian Republic of),Americas,552695,1944,0,0,0,5856,21,0,0,0
Brunei Darussalam,Western Pacific,321235,73429,3648,834,3648,168,38,2,0,2
United States of America,Americas,103436829,31250,0,0,0,1144877,346,0,0,0
Syrian Arab Republic,Eastern Mediterranean,57423,328,0,0,0,3163,18,0,0,0
Philippines,Western Pacific,4126460,3766,1377,1,1377,66779,61,13,0,13
Singapore,Western Pacific,2827115,48324,56043,958,56043,1933,33,0,0,0
Republic of Moldova,Europe,628673,15585,1215,30,1215,12159,301,5,0,5
Other,,712,,0,,0,13,,0,,0
Other,,29,,0,,0,0,,0,,0
Other,,12,,0,,0,0,,0,,0
Other,,2,,0,,0,0,,0,,0
"occupied Palestinian territory, including east Jerusalem",Eastern Mediterranean,703228,13785,0,0,0,5708,112,0,0,0
Global,,7.72838746E8,4745242.0,430266.0,3437.0,430266.0,6988679.0,29178.0,1311.0,9.0,1311.0
Kosovo (in accordance with UN Security Council resolution 1244 (1999)),Europe,274279,15274,0,0,0,3212,179,0,0,0
Sweden,Europe,2738097,26512,3292,32,3292,25728,249,215,2,215
New Zealand,Western Pacific,2434052,50476,6136,127,6136,3596,75,27,1,27
Russian Federation,Europe,23479653,16089,221209,152,221209,400771,275,283,0,283
Micronesia (Federated States of),Western Pacific,26547,23080,0,0,0,65,57,0,0,0
Italy,Europe,26433512,44321,46451,78,46451,193419,324,272,0,272
Australia,Western Pacific,11698780,45878,10062,39,10062,23915,94,28,0,28
Viet Nam,Western Pacific,11624000,11942,0,0,0,43206,44,0,0,0
United Arab Emirates,Eastern Mediterranean,1067030,10789,0,0,0,2349,24,0,0,0
Ecuador,Americas,1066409,6044,0,0,0,36036,204,0,0,0
Egypt,Eastern Mediterranean,516023,504,0,0,0,24830,24,0,0,0
Malaysia,Western Pacific,5160116,15943,0,0,0,37218,115,0,0,0
Saint Vincent and the Grenadines,Americas,9674,8720,0,0,0,124,112,0,0,0
Guinea-Bissau,Africa,9614,489,0,0,0,177,9,0,0,0
United States Virgin Islands,Americas,25389,24313,0,0,0,132,126,0,0,0
San Marino,Europe,25292,74524,0,0,0,126,371,0,0,0
Northern Mariana Islands,Western Pacific,14334,24904,0,0,0,41,71,0,0,0
Montserrat,Americas,1403,28066,0,0,0,8,160,0,0,0
Falkland Islands (Malvinas),,1923,55211,0,0,0,0,0,0,0,0
Trinidad and Tobago,Americas,191496,13683,0,0,0,4390,314,0,0,0
Belarus,Europe,994037,10520,0,0,0,7118,75,0,0,0
Democratic Republic of the Congo,Africa,99333,111,0,0,0,1468,2,0,0,0
Sri Lanka,South-East Asia,672661,3141,7,0,7,16886,79,0,0,0
Sao Tome and Principe,Africa,6719,3066,0,0,0,80,37,0,0,0
Chile,Americas,5325080,27856,0,0,0,62082,325,0,0,0
Spain,Europe,13980340,29536,0,0,0,121852,257,0,0,0
Croatia,Europe,1279927,31540,0,0,0,18489,456,0,0,0
Barbados,Americas,110141,38327,0,0,0,593,206,0,0,0
Côte d'Ivoire,Africa,88380,335,0,0,0,835,3,0,0,0
Palau,Western Pacific,6249,34540,0,0,0,9,50,0,0,0
Seychelles,Africa,51220,52081,0,0,0,172,175,0,0,0
Israel,Europe,4841772,55938,0,0,0,12707,147,0,0,0
Botswana,Africa,330409,14050,0,0,0,2800,119,0,0,0
Mauritius,Africa,315100,24777,0,0,0,1056,83,0,0,0
Tuvalu,Western Pacific,2943,24958,0,0,0,1,8,0,0,0
Serbia,Europe,2583470,37297,0,0,0,18057,261,0,0,0
Iceland,Europe,209503,57535,64,18,64,186,51,0,0,0
Libya,Eastern Mediterranean,507269,7382,0,0,0,6437,94,0,0,0
Central African Republic,Africa,15440,320,0,0,0,113,2,0,0,0
Lithuania,Europe,1359230,48647,3906,140,3906,9773,350,4,0,4
Slovenia,Europe,1350022,64414,1119,53,1119,9581,457,45,2,45
Antigua and Barbuda,Americas,9106,9299,0,0,0,146,149,0,0,0
Oman,Eastern Mediterranean,399449,7822,0,0,0,4628,91,0,0,0
Romania,Europe,3504870,18133,1317,7,1317,68611,355,10,0,10
Denmark,Europe,3423176,58790,4656,80,4656,8929,153,91,2,91
Somalia,Eastern Mediterranean,27334,172,0,0,0,1361,9,0,0,0
Slovakia,Europe,1871209,34285,1067,20,1067,21170,388,1,0,1
Saint Martin (French part),,12324,31879,0,0,0,46,119,0,0,0
Portugal,Europe,5634044,54721,841,8,841,27764,270,26,0,26
Belgium,Europe,4836886,41978,3187,28,3187,34339,298,0,0,0
Ethiopia,Africa,501117,436,0,0,0,7574,7,0,0,0
Other,,5,,0,,0,0,,0,,0
Afghanistan,Eastern Mediterranean,229686,590,317,1,317,7966,20,1,0,1
Saudi Arabia,Eastern Mediterranean,841469,2417,0,0,0,9646,28,0,0,0
Indonesia,South-East Asia,6817154,2492,1998,1,1998,161930,59,7,0,7
Bosnia and Herzegovina,Europe,403443,12297,79,2,79,16374,499,5,0,5
India,South-East Asia,45004816,3261,1761,0,1761,533316,39,10,0,10
Morocco,Eastern Mediterranean,1278055,3463,99,0,99,16298,44,0,0,0
Lebanon,Eastern Mediterranean,1239904,18166,0,0,0,10947,160,0,0,0
"Bonaire, Saint Eustatius and Saba",Americas,11922,,0,,0,41,,0,,0
Sint Maarten (Dutch part),Americas,11051,25771,0,0,0,92,215,0,0,0
Jordan,Eastern Mediterranean,1746997,17122,0,0,0,14122,138,0,0,0
Tunisia,Eastern Mediterranean,1153361,9759,0,0,0,29423,249,0,0,0
Turks and Caicos Islands,Americas,6704,17315,0,0,0,40,103,0,0,0
Switzerland,Europe,4436359,51260,3757,43,3757,14125,163,19,0,19
Pakistan,Eastern Mediterranean,1580631,716,0,0,0,30656,14,0,0,0
Bahrain,Eastern Mediterranean,696614,40939,0,0,0,1536,90,0,0,0
Czechia,Europe,4713739,44079,13234,124,13234,43153,404,63,1,63
New Caledonia,Western Pacific,80064,28044,0,0,0,314,110,0,0,0
Kuwait,Eastern Mediterranean,666551,15608,0,0,0,2570,60,0,0,0
Poland,Europe,6590705,17363,17007,45,17007,119886,316,47,0,47
Solomon Islands,Western Pacific,25954,3779,0,0,0,199,29,0,0,0
China,Western Pacific,99321637,6751,377,0,377,121880,8,2,0,2
Papua New Guinea,Western Pacific,46864,524,0,0,0,670,7,0,0,0
Iraq,Eastern Mediterranean,2465545,6130,0,0,0,25375,63,0,0,0
Dominican Republic,Americas,661180,6095,0,0,0,4384,40,0,0,0
Qatar,Eastern Mediterranean,514524,17859,0,0,0,690,24,0,0,0
Bahamas,Americas,38084,9685,0,0,0,844,215,0,0,0
Zimbabwe,Africa,265975,1790,0,0,0,5730,39,0,0,0
Mozambique,Africa,233731,748,0,0,0,2250,7,0,0,0
Namibia,Africa,172208,6777,0,0,0,4103,161,0,0,0
French Guiana,,98041,32825,0,0,0,413,138,0,0,0
Niue,Western Pacific,895,55315,0,0,0,0,0,0,0,0
Madagascar,Africa,68421,247,0,0,0,1426,5,0,0,0
Aruba,Americas,44224,41421,0,0,0,292,273,0,0,0
Anguilla,Americas,3904,26023,0,0,0,12,80,0,0,0
South Sudan,Africa,18765,168,0,0,0,147,1,0,0,0
Nicaragua,Americas,16088,243,0,0,0,245,4,0,0,0
Greenland,Europe,11971,21086,0,0,0,21,37,0,0,0
Cuba,Americas,1115043,9844,0,0,0,8530,75,0,0,0
Lesotho,Africa,35892,1675,0,0,0,709,33,0,0,0
Wallis and Futuna,Western Pacific,3550,31567,0,0,0,8,71,0,0,0
Japan,Western Pacific,33803572,26727,0,0,0,74694,59,0,0,0
Albania,Europe,334090,11609,0,0,0,3604,125,0,0,0
Cayman Islands,Americas,31472,47888,0,0,0,37,56,0,0,0
Saint Lucia,Americas,30209,16451,0,0,0,410,223,0,0,0
Rwanda,Africa,133208,1028,0,0,0,1468,11,0,0,0
Bulgaria,Europe,1315421,18923,1128,16,1128,38539,554,16,0,16
Gibraltar,,20550,60996,0,0,0,113,335,0,0,0
Bangladesh,South-East Asia,2046165,1242,32,0,32,29477,18,0,0,0
Eritrea,Africa,10189,287,0,0,0,103,3,0,0,0
Mongolia,Western Pacific,1011388,30851,35,1,35,2284,70,0,0,0
United Republic of Tanzania,Africa,43191,72,0,0,0,846,1,0,0,0
Mayotte,,42027,15405,0,0,0,187,69,0,0,0
Luxembourg,Europe,387467,61885,1437,230,1437,1000,160,0,0,0
Guinea,Africa,38572,294,0,0,0,468,4,0,0,0
Curaçao,Americas,45883,27962,0,0,0,305,186,0,0,0
Peru,Americas,4520102,13709,0,0,0,221564,672,0,0,0
Cameroon,Africa,125136,471,0,0,0,1974,7,0,0,0
Guatemala,Americas,1250304,6979,0,0,0,20201,113,0,0,0
Malta,Europe,120767,23470,28,5,28,885,172,0,0,0
Vanuatu,Western Pacific,12019,3913,0,0,0,14,5,0,0,0
United Kingdom of Great Britain and Northern Ireland,Europe,24812582,36550,0,0,0,232112,342,0,0,0
Georgia,Europe,1855289,46508,0,0,0,17132,429,0,0,0
Tajikistan,Europe,17786,186,0,0,0,125,1,0,0,0
Zambia,Africa,349304,1900,0,0,0,4069,22,0,0,0
Algeria,Africa,272010,620,0,0,0,6881,16,0,0,0
Martinique,,230354,61384,0,0,0,1104,294,0,0,0
Guadeloupe,,203235,50793,0,0,0,1021,255,0,0,0
Isle of Man,,38008,44698,0,0,0,116,136,0,0,0
Nigeria,Africa,267173,130,0,0,0,3155,2,0,0,0
Monaco,Europe,17181,43780,0,0,0,67,171,0,0,0
Comoros,Africa,9109,1047,0,0,0,160,18,0,0,0
Kenya,Africa,344094,640,0,0,0,5689,11,0,0,0
Angola,Africa,106303,323,0,0,0,1937,6,0,0,0
Réunion,,494595,55243,0,0,0,921,103,0,0,0
Gabon,Africa,49051,2204,0,0,0,307,14,0,0,0
Haiti,Americas,34501,303,0,0,0,860,8,0,0,0
Faroe Islands,,34658,70926,0,0,0,28,57,0,0,0
Republic of Korea,Western Pacific,34571873,67432,0,0,0,35934,70,0,0,0
American Samoa,Western Pacific,8359,15144,0,0,0,34,62,0,0,0
Azerbaijan,Europe,834241,8228,95,1,95,10361,102,0,0,0
Samoa,Western Pacific,16780,8457,0,0,0,31,16,0,0,0
Marshall Islands,Western Pacific,16138,27263,0,0,0,17,29,0,0,0
Democratic People's Republic of Korea,South-East Asia,0,0,0,0,0,0,0,0,0,0
Turkmenistan,Europe,0,0,0,0,0,0,0,0,0,0
Sudan,Eastern Mediterranean,63993,146,0,0,0,5046,12,0,0,0
Colombia,Americas,6384551,12548,0,0,0,142727,281,0,0,0
French Polynesia,Western Pacific,78700,28016,0,0,0,649,231,0,0,0
Sierra Leone,Africa,7766,97,0,0,0,125,2,0,0,0
Djibouti,Eastern Mediterranean,15690,1588,0,0,0,189,19,0,0,0
Jamaica,Americas,156563,5287,0,0,0,3590,121,0,0,0
British Virgin Islands,Americas,7392,24447,0,0,0,64,212,0,0,0
Guyana,Americas,73676,9367,0,0,0,1299,165,0,0,0
Andorra,Europe,48015,62143,0,0,0,159,206,0,0,0
Thailand,South-East Asia,4761226,6821,514,1,514,34506,49,6,0,6
Saint Barthélemy,,5507,55711,0,0,0,5,51,0,0,0
Greece,Europe,5494594,51262,11897,111,11897,38009,355,50,0,50
Cyprus,Europe,660854,74420,0,0,0,1364,154,0,0,0
Saint Kitts and Nevis,Americas,6607,12421,0,0,0,46,86,0,0,0
Hungary,Europe,2220168,22725,3036,31,3036,48874,500,12,0,12
Burkina Faso,Africa,22106,106,0,0,0,399,2,0,0,0
Austria,Europe,6081287,68321,0,0,0,22534,253,0,0,0
Estonia,Europe,604950,45520,744,56,744,2934,221,15,1,15
Timor-Leste,South-East Asia,23460,1779,0,0,0,138,10,0,0,0
Cambodia,Western Pacific,138978,831,15,0,15,3056,18,0,0,0
Cook Islands,Western Pacific,7174,40845,0,0,0,2,11,0,0,0
Myanmar,South-East Asia,641393,1179,7,0,7,19494,36,0,0,0
North Macedonia,Europe,349923,16796,0,0,0,9960,478,0,0,0
Maldives,South-East Asia,186694,34538,0,0,0,316,58,0,0,0
Argentina,Americas,10074137,22290,0,0,0,130682,289,0,0,0
Canada,Americas,4743991,12569,717,2,717,53470,142,1,0,1
South Africa,Africa,4072636,6867,0,0,0,102595,173,0,0,0
Other,,4,,0,,0,0,,0,,0
Pitcairn,,4,8000,0,0,0,0,0,0,0,0
Norway,Europe,1494968,27852,1889,35,1889,5732,107,0,0,0
Puerto Rico,Americas,1252713,43788,0,0,0,5938,208,0,0,0
Yemen,Eastern Mediterranean,11945,40,0,0,0,2159,7,0,0,0
Uzbekistan,Europe,174842,522,83,0,83,1016,3,0,0,0
Kyrgyzstan,Europe,88929,1363,1,0,1,1024,16,0,0,0
Cabo Verde,Africa,64474,11596,0,0,0,416,75,0,0,0
Nauru,Western Pacific,5393,49778,0,0,0,1,9,0,0,0
Liechtenstein,,21561,55646,35,90,35,87,225,0,0,0
Grenada,Americas,19693,17501,0,0,0,238,212,0,0,0
Bermuda,Americas,18860,30286,0,0,0,165,265,0,0,0
Dominica,Americas,16038,22278,0,0,0,74,103,0,0,0
Latvia,Europe,977068,51218,0,0,0,7430,389,0,0,0
Tokelau,Western Pacific,80,5926,0,0,0,0,0,0,0,0
Eswatini,Africa,75189,6481,0,0,0,1427,123,0,0,0
Belize,Americas,71373,17950,0,0,0,688,173,0,0,0
Mauritania,Africa,63764,1371,0,0,0,997,21,0,0,0
Kazakhstan,Europe,1502857,8004,0,0,0,19072,102,0,0,0
Finland,Europe,1499712,27143,0,0,0,10883,197,19,0,19
Panama,Americas,1041924,24148,43,1,43,8652,201,0,0,0
Mexico,Americas,7702582,5974,8,0,8,334938,260,3,0,3
Ukraine,Europe,5520483,12623,0,0,0,109918,251,0,0,0
Honduras,Americas,472743,4773,0,0,0,11114,112,0,0,0
France,Europe,38997490,59960,0,0,0,167985,258,0,0,0
Montenegro,Europe,251280,40009,0,0,0,2654,423,0,0,0
Tonga,Western Pacific,16888,15978,0,0,0,12,11,0,0,0
Uruguay,Americas,1041111,29971,0,0,0,7660,221,0,0,0
Suriname,Americas,82506,14064,0,0,0,1404,239,0,0,0
Fiji,Western Pacific,69047,7702,0,0,0,885,99,0,0,0
Bhutan,South-East Asia,62697,8125,0,0,0,21,3,0,0,0
Gambia,Africa,12626,522,0,0,0,372,15,0,0,0
Liberia,Africa,7930,157,0,0,0,294,6,0,0,0
Burundi,Africa,54394,457,0,0,0,15,0,0,0,0
Guernsey,,35326,54796,0,0,0,67,104,0,0,0
Benin,Africa,28036,231,0,0,0,163,1,0,0,0
Congo,Africa,25213,457,0,0,0,389,7,0,0,0
Saint Helena,,2166,35678,0,0,0,0,0,0,0,0
Jersey,,66391,61589,0,0,0,161,149,0,0,0
Togo,Africa,39527,477,0,0,0,290,4,0,0,0
Mali,Africa,33162,164,0,0,0,743,4,0,0,0
Niger,Africa,9515,39,0,0,0,315,1,0,0,0
Chad,Africa,7698,47,0,0,0,194,1,0,0,0
Holy See,,26,3214,0,0,0,0,0,0,0,0
Nepal,South-East Asia,1003450,3444,0,0,0,12031,41,0,0,0
Saint Pierre and Miquelon,,3426,59120,0,0,0,2,35,0,0,0
Ireland,Europe,1726402,34775,512,10,512,9376,189,6,0,6
Equatorial Guinea,Africa,17130,1221,0,0,0,183,13,0,0,0
Costa Rica,Americas,1230653,24158,0,0,0,9368,184,0,0,0
Brazil,Americas,37519960,17652,0,0,0,702116,330,0,0,0
Türkiye,Europe,17004677,20162,0,0,0,101419,120,0,0,0
Paraguay,Americas,736154,10321,0,0,0,19941,280,0,0,0
Guam,Western Pacific,52187,30921,0,0,0,417,247,0,0,0
Kiribati,Western Pacific,5085,4257,0,0,0,24,20,0,0,0
Armenia,Europe,451272,15229,165,6,165,8775,296,1,0,1
Germany,Europe,38437756,46218,0,0,0,174979,210,0,0,0
El Salvador,Americas,201833,3112,0,0,0,4230,65,0,0,0
